first name,last name,module1,module2,module3,description,lol
student,best,100,100, 100,Excellent score,asdasdasd
student,good,90,"90,2",100,"Good score
but could be better",adalsg
Greg,Dean,70,80,90,"good job, Greg",adad
Wirt,Wood,80,80.4,82,Nice
Greg,Dean,70,80,90,"good job, Greg",adad
Wirt,Wood,80,80.4,82,Nice
Greg,Dean,70,80,90,"good job, Greg",adad
Wirt,Wood,80,80.4,82,Nice
Greg,Dean,70,80,90,"good job, Greg",adad
Wirt,Wood,80,80.4,82,Nice
Greg,Dean,70,80,90,"good job, Greg",adad
Wirt,Wood,80,80.4,82,Nice
Greg,Dean,70,80,90,"good job, Greg",adad
Wirt,Wood,80,80.4,82,Nice
Greg,Dean,70,80,90,"good job, Greg",adad
Wirt,Wood,80,80.4,82,Nice
